user_id,session_id,country_of_residence,has_biometrics,phone_number_country_code,reason_to_use_app,occupation,kyc_state,gender,document_issuing_country,locale,screening_state,is_adverse_media_minor,is_pep
8b9cdf59-96ce-43b8-bb72-8f5c405894f4,956f9bd1-6605-4f2c-b710-a64c31d84bec,FR,TRUE,+33,DAILY_PAYMENT_SERVICES,IT_AND_COMMUNICATION,COMPLETED,M,FR,fr_FR,COMPLETED,FALSE,FALSE
4ee4e538-94f9-4f0a-b410-907eecbbed70,e1d244eb-4369-4043-94be-371435fa9654,FR,TRUE,+33,DAILY_PAYMENT_SERVICES,MINING_CONSTRUCTION_AND_TRANSPORT,COMPLETED,M,FR,fr_US,COMPLETED,FALSE,FALSE
e409d12e-2b1e-44af-a08d-510d2fb016b2,835d0560-4767-4f01-8a8e-109780286976,FR,TRUE,+33,DAILY_PAYMENT_SERVICES,SERVICE_AND_SALES,COMPLETED,M,IT,fr_BR,TO_SOFT_REVIEW,FALSE,FALSE
8734c537-3655-45b7-a22b-a481f2e78f31,80c490ab-b4b8-4d4a-82b0-711709d05ea0,FR,TRUE,+33,DAILY_PAYMENT_SERVICES,STUDENTS,COMPLETED,M,FR,fr_FR,COMPLETED,FALSE,FALSE
c4fef617-020d-4b7f-94cf-3ded3b929fbf,bc5ba4ff-a60c-46db-ba79-28b9c52716c7,FR,FALSE,+33,NON_CUSTODIAL_CRYPTO_WALLET,OTHER_SERVICES,COMPLETED,M,IT,en_IT,COMPLETED,FALSE,FALSE
7bf4b118-44ac-4d65-9220-15a833c4b3a1,1ee6a5ca-f567-420e-80b8-afe1fa257253,FR,FALSE,+33,INTERNATIONAL_TRANSFERS,UNEMPLOYED,COMPLETED,M,FR,fr_BJ,COMPLETED,FALSE,FALSE
f9835a09-24f5-4db3-9352-2994a22c28b7,e0e165ec-5c28-4e48-9ae2-8c6601415f18,FR,FALSE,+33,INTERNATIONAL_TRANSFERS,UNEMPLOYED,COMPLETED,M,FR,fr_BJ,COMPLETED,FALSE,FALSE
0e8622b2-f1f7-450b-8cbd-f26d7e5b479c,a32bd2ef-a9e4-45c5-b753-1c68cf93ade3,FR,TRUE,+33,CRYPTO_SERVICES,SERVICE_AND_SALES,COMPLETED,M,FR,fr_CI,TO_SOFT_REVIEW,FALSE,FALSE
1eb12126-6944-48d9-a33c-55db52704e70,12ff9c0f-7334-4fa5-bbfc-6fe28b80aea7,FR,TRUE,+33,INTERNATIONAL_TRANSFERS,OTHER_SERVICES,COMPLETED,M,FR,fr_FR,COMPLETED,FALSE,FALSE
ca15cb6c-1562-4dcc-9850-9b617f09e1dc,abcb52a6-60ae-421a-afa9-6acbe74bf843,FR,FALSE,+33,DAILY_PAYMENT_SERVICES,CRAFT_AND_RELATED_TRADES,COMPLETED,M,FR,fr_FR,TO_SOFT_REVIEW,FALSE,FALSE
f71548c3-999c-471b-91f6-2d5a641d7d4c,36e05909-516a-4477-bca8-e84a7d858d1e,FR,FALSE,+33,INTERNATIONAL_TRANSFERS,EDUCATION,COMPLETED,M,FR,fr_FR,COMPLETED,FALSE,FALSE
491576dd-e130-4330-af15-6252a30f0b3e,d097f1bd-2493-4217-bab3-b8c4fcd2370c,FR,TRUE,+33,DAILY_PAYMENT_SERVICES,MINING_CONSTRUCTION_AND_TRANSPORT,COMPLETED,M,FR,fr_FR,COMPLETED,FALSE,FALSE
0534eebb-7f85-4f5f-8578-161f0068fb7b,c10ce6d0-762c-48d6-a681-5c4c90ee85be,FR,FALSE,+33,,,FAILED,M,DE,fr_FR,COMPLETED,FALSE,FALSE
f9eafaec-d9e2-498b-9262-b33f40e7bf5b,046ad3c2-ce34-4bc8-8660-7117400b29d1,FR,TRUE,+33,DAILY_PAYMENT_SERVICES,STUDENTS,COMPLETED,M,FR,fr_FR,COMPLETED,FALSE,FALSE
c9621a28-76f8-4a2c-b5d0-171b62c752b6,ff7fbcef-9b0d-436c-8c43-b94b259c3fff,FR,TRUE,+33,DAILY_PAYMENT_SERVICES,FOOD_PREP_AND_CLEANING,COMPLETED,F,FR,fr_FR,COMPLETED,FALSE,FALSE
75ab8046-256a-4e1f-9e68-23094be3e9e6,0f223372-729e-4298-9eb0-2b0728ce6321,FR,TRUE,+33,,,COMPLETED,M,FR,fr_FR,COMPLETED,FALSE,FALSE
75ab8046-256a-4e1f-9e68-23094be3e9e6,0f223372-729e-4298-9eb0-2b0728ce6321,FR,TRUE,+33,CRYPTO_SERVICES,EDUCATION,COMPLETED,M,FR,fr_FR,COMPLETED,FALSE,FALSE
7bf8268b-c6f1-478b-b3af-f9e42afde475,c5beff76-f1a2-4eca-989d-8f96bef5695a,FR,TRUE,+33,CRYPTO_SERVICES,SERVICE_AND_SALES,COMPLETED,F,FR,fr_FR,COMPLETED,FALSE,FALSE
8dc491a8-a7bc-466a-b01c-dbb859bd259f,20660d00-2dc7-418f-93ee-009acc785b6d,FR,FALSE,+33,DAILY_PAYMENT_SERVICES,ADMINISTRATION,COMPLETED,M,FR,fr_FR,COMPLETED,FALSE,FALSE
8dc491a8-a7bc-466a-b01c-dbb859bd259f,20660d00-2dc7-418f-93ee-009acc785b6d,FR,FALSE,+33,DAILY_PAYMENT_SERVICES,ADMINISTRATION,COMPLETED,M,FR,fr_FR,COMPLETED,FALSE,FALSE
85af9c86-a9d0-45c2-9891-7090d2f29cb5,6c26318b-8ca8-48b4-9a6c-d09befc77a0e,FR,FALSE,+35,INTERNATIONAL_TRANSFERS,MANAGEMENT,COMPLETED,F,FR,fr_FR,COMPLETED,FALSE,FALSE
bfdc7a24-2a13-4e95-a8f7-52205348b8e1,81d7238f-e2c9-4794-a4c3-651227eb9473,FR,FALSE,+33,DAILY_PAYMENT_SERVICES,AGRICULTURE_FISHERY_FORESTRY,COMPLETED,F,FR,fr_FR,COMPLETED,FALSE,FALSE
b2d63be5-7d82-4785-8c0d-639190f5a66f,a031ec0b-e388-4a7e-a6d7-92c2edc16bd8,FR,TRUE,+33,CRYPTO_SERVICES,RETIRED,COMPLETED,M,FR,fr_FR,COMPLETED,FALSE,FALSE
bdfade9d-3c65-48ff-8312-80ad08550816,94ee440b-7c26-4a10-8f1c-16927f1853b7,FR,TRUE,+33,DAILY_PAYMENT_SERVICES,FOOD_PREP_AND_CLEANING,COMPLETED,F,FR,fr_FR,COMPLETED,FALSE,FALSE
f63ab099-f18f-4507-bedd-5c98aba34b64,0e60a168-1482-4173-947f-af0482d16c94,RE,TRUE,+26,DAILY_PAYMENT_SERVICES,UNEMPLOYED,COMPLETED,M,FR,fr_FR,COMPLETED,FALSE,FALSE
c9d45724-5ab2-435c-87c2-a648a8bd9286,793ec2ae-0049-4779-b555-b943018e7300,FR,TRUE,+33,CRYPTO_SERVICES,SERVICE_AND_SALES,COMPLETED,M,FR,fr_FR,COMPLETED,FALSE,FALSE
0c6af014-73c9-4812-a0f0-9767a29f996f,c8cf1287-8764-4190-a238-f9d2e917cb92,FR,TRUE,+33,NON_CUSTODIAL_CRYPTO_WALLET,OTHER_SERVICES,COMPLETED,M,FR,fr_FR,COMPLETED,FALSE,FALSE
d69c75f1-d5c2-4b3c-a732-a37851963008,f7d10db5-d4e5-4137-8ee1-c863316dfeb9,FR,TRUE,+33,CRYPTO_SERVICES,EDUCATION,COMPLETED,M,FR,fr_FR,COMPLETED,FALSE,FALSE
3823c8bd-905e-4054-a901-6bdd55a3d1fa,d74b4887-b116-46ac-b2ce-4cd649347282,FR,TRUE,+33,CRYPTO_SERVICES,RETIRED,COMPLETED,M,FR,fr_FR,COMPLETED,FALSE,FALSE
d29403c2-b082-4bad-9b53-3e224c9c3401,1414d8c1-0e68-4315-bec2-4cbca9dbfb67,FR,FALSE,+33,CRYPTO_SERVICES,UNEMPLOYED,COMPLETED,M,FR,fr_FR,COMPLETED,FALSE,FALSE
135c46ce-b812-4aa1-a5b2-d76d163adcac,a49d8467-03f0-466b-8b7d-238642ebbdd0,FR,TRUE,+33,DAILY_PAYMENT_SERVICES,SERVICE_AND_SALES,COMPLETED,M,FR,fr_FR,COMPLETED,FALSE,FALSE
241e838e-8600-44d3-945b-aefab662ea4f,fa516f0b-cbfa-47dc-9785-be0208478251,FR,TRUE,+33,DAILY_PAYMENT_SERVICES,AGRICULTURE_FISHERY_FORESTRY,COMPLETED,M,FR,fr_FR,COMPLETED,FALSE,FALSE
c1c30be5-4e92-4954-8890-9c12fd501488,3a12a35e-e262-4603-9d89-a086a1f60104,FR,TRUE,+33,,,COMPLETED,F,FR,fr_FR,COMPLETED,FALSE,FALSE
c1c30be5-4e92-4954-8890-9c12fd501488,3a12a35e-e262-4603-9d89-a086a1f60104,FR,TRUE,+33,,SERVICE_AND_SALES,COMPLETED,F,FR,fr_FR,COMPLETED,FALSE,FALSE
17554709-67fe-4c4e-91ac-c65f70769713,d209daae-9793-481c-8e18-6a4cd3d8c192,FR,FALSE,+33,DAILY_PAYMENT_SERVICES,HEALTH,COMPLETED,M,FR,fr_FR,COMPLETED,FALSE,FALSE
bf85fb39-9cc7-4b43-92fc-4fefb40a6ba9,0f3c8a7e-5b11-403b-ad77-5d17faab8132,FR,TRUE,+33,,,COMPLETED,M,FR,fr_FR,COMPLETED,FALSE,FALSE
85ff6f8c-34c3-4770-a67e-2e9c66fb7072,30ad0f74-7a70-4e01-92d7-7284ecd70aa7,FR,TRUE,+33,NON_CUSTODIAL_CRYPTO_WALLET,MINING_CONSTRUCTION_AND_TRANSPORT,COMPLETED,M,IT,fr_FR,COMPLETED,FALSE,FALSE
85ff6f8c-34c3-4770-a67e-2e9c66fb7072,30ad0f74-7a70-4e01-92d7-7284ecd70aa7,FR,TRUE,+33,NON_CUSTODIAL_CRYPTO_WALLET,MINING_CONSTRUCTION_AND_TRANSPORT,COMPLETED,M,IT,fr_FR,COMPLETED,FALSE,FALSE
3cbfa213-1b80-4f1c-83cc-38f6ef4dc24f,f79d2dec-e580-4f96-a568-cc9fe170d280,FR,TRUE,+33,DAILY_PAYMENT_SERVICES,ADMINISTRATION,COMPLETED,M,FR,fr_FR,COMPLETED,FALSE,FALSE
3cbfa213-1b80-4f1c-83cc-38f6ef4dc24f,f79d2dec-e580-4f96-a568-cc9fe170d280,FR,TRUE,+33,DAILY_PAYMENT_SERVICES,ADMINISTRATION,COMPLETED,M,FR,fr_FR,COMPLETED,FALSE,FALSE
4e69da99-2404-4915-848d-b4bddff256f8,b0e0bf32-3c01-40cd-b94c-e2f03854d3a9,FR,FALSE,+33,INTERNATIONAL_TRANSFERS,MANAGEMENT,COMPLETED,F,FR,fr_FR,COMPLETED,FALSE,FALSE
52e74490-0d30-4a93-a767-0bedd61cbbfe,72051eca-e37b-4f5f-8fea-b3051b352197,NC,TRUE,+68,DAILY_PAYMENT_SERVICES,MANAGEMENT,COMPLETED,M,FR,fr_NC,COMPLETED,FALSE,FALSE
13dd8ebc-482c-4bbc-be85-22c3718be117,b43563ee-da71-47f1-9695-bdec58663404,FR,TRUE,+33,,,COMPLETED,M,FR,fr_RE,COMPLETED,FALSE,FALSE
f6d1e951-7fa0-4ec4-b3a4-d94eede7f1fa,061cfbb4-48da-4be5-a4cb-6d8018939b2b,FR,TRUE,+33,DAILY_PAYMENT_SERVICES,IT_AND_COMMUNICATION,COMPLETED,F,FR,fr_FR,COMPLETED,FALSE,FALSE
30e235bb-709e-4d42-b006-0c1306ed6d36,ad2412cf-c945-49e6-8649-ff09157f12b9,FR,TRUE,+33,CRYPTO_SERVICES,STUDENTS,COMPLETED,M,FR,fr_FR,TO_SOFT_REVIEW,FALSE,FALSE
727705e2-a6f3-47c4-8d33-01d97367d796,e69748b5-28f1-4fb4-86a8-14c90d9f5ea9,FR,TRUE,+33,DAILY_PAYMENT_SERVICES,CRAFT_AND_RELATED_TRADES,COMPLETED,M,FR,fr_FR,COMPLETED,FALSE,FALSE
7161e043-f7df-4f6a-aac4-3c9ce1bb29d6,55987d41-0ce0-4448-b8d6-2589d32f1d08,FR,TRUE,+33,CRYPTO_SERVICES,RETIRED,COMPLETED,M,FR,fr_FR,COMPLETED,FALSE,FALSE
479d090a-ce6c-4a51-9841-d016a9d3697b,bdfc65ab-6c78-4134-823f-560ce0985243,FR,FALSE,+33,INTERNATIONAL_TRANSFERS,UNEMPLOYED,COMPLETED,F,FR,fr_FR,COMPLETED,FALSE,FALSE
89858ee6-0565-450e-86bb-103163bd686b,52e534d9-254b-43e2-8618-94bde6b91834,FR,TRUE,+33,TRAVEL_ACCOUNT,STUDENTS,COMPLETED,M,FR,fr_FR,COMPLETED,FALSE,FALSE
26e53336-38fd-4b3f-8dae-ba7f3f4b435f,31567eb6-4c1d-416b-8220-db2c88046879,FR,FALSE,+33,DAILY_PAYMENT_SERVICES,SCIENCE_AND_ENGINEERING,COMPLETED,M,FR,fr_FR,COMPLETED,FALSE,FALSE
21e0dc84-3b84-429c-8c3f-7102e2bbff9b,9e4e7503-2605-4a10-85de-2e12248ed2ed,FR,TRUE,+33,INTERNATIONAL_TRANSFERS,RETIRED,COMPLETED,M,FR,fr_FR,COMPLETED,FALSE,FALSE
6a4caa52-ee2a-469c-9180-ce8b11e1b5dd,e22bc104-f19e-46a9-8949-028fed5f81fc,FR,TRUE,+33,INTERNATIONAL_TRANSFERS,UNEMPLOYED,COMPLETED,M,FR,fr_FR,COMPLETED,FALSE,FALSE
0e8622b2-f1f7-450b-8cbd-f26d7e5b479c,a32bd2ef-a9e4-45c5-b753-1c68cf93ade3,FR,TRUE,+33,,,COMPLETED,M,FR,fr_FR,TO_SOFT_REVIEW,FALSE,FALSE
017c970c-fcd6-4756-9e68-7e121c08903a,2eb4a4ee-bda2-4708-8828-54a65a870f40,FR,FALSE,+33,DAILY_PAYMENT_SERVICES,PLANT_AND_MACHINE_OPERATION,COMPLETED,M,FR,fr_FR,COMPLETED,FALSE,FALSE
0e1f200d-d9b3-4691-9806-6edc59dda6f4,cd36aba6-8097-4b60-9ff2-718e1fc98bb2,FR,TRUE,+33,,,COMPLETED,M,FR,fr_FR,COMPLETED,FALSE,FALSE
1772e3a4-a2f3-43fc-be80-fd2ef4892321,7d9a9ced-6d2d-49f3-b7a7-81e7eb713a55,FR,FALSE,+33,DAILY_PAYMENT_SERVICES,UNEMPLOYED,COMPLETED,M,FR,fr_FR,COMPLETED,FALSE,FALSE
8106cdab-9ad3-4c49-bf6f-adca0809145c,734a2eea-3aac-4b6e-960c-d640b68f30a7,FR,FALSE,+33,DAILY_PAYMENT_SERVICES,HEALTH,COMPLETED,M,FR,fr_FR,COMPLETED,FALSE,FALSE
8327f9ca-8822-47e7-b89b-74d63af058b3,c12ae69a-f0c7-4a20-8d8a-17a811da6934,FR,TRUE,+33,CRYPTO_SERVICES,IT_AND_COMMUNICATION,COMPLETED,M,FR,en_US,COMPLETED,FALSE,FALSE
2d0557cb-fd4d-4264-b559-8e02105cfe63,85e18611-5df5-43e3-9281-7740f8398f71,FR,FALSE,+33,INTERNATIONAL_TRANSFERS,LEGAL_SOCIAL_AND_CULTURAL_ACTIVITIES,COMPLETED,M,FR,fr_FR,COMPLETED,FALSE,FALSE
0a0c1015-06d8-44ea-a810-ac762ef895c8,ed678623-0a1b-404b-8c0a-098b74347a87,GF,TRUE,+33,DAILY_PAYMENT_SERVICES,SERVICE_AND_SALES,COMPLETED,M,FR,fr_GF,COMPLETED,FALSE,FALSE
0a0c1015-06d8-44ea-a810-ac762ef895c8,ed678623-0a1b-404b-8c0a-098b74347a87,GF,TRUE,+33,DAILY_PAYMENT_SERVICES,SERVICE_AND_SALES,COMPLETED,M,FR,fr_GF,COMPLETED,FALSE,FALSE
0eb40954-c525-4fbe-b691-dcdd0fb65208,26efbf1d-80e1-4326-a28a-f29d0b84d627,FR,TRUE,+33,DAILY_PAYMENT_SERVICES,SERVICE_AND_SALES,COMPLETED,M,FR,fr_FR,COMPLETED,FALSE,FALSE
294128fe-3e0b-4707-bf9a-d535885692cf,b30c7c43-4cb9-439f-a043-598792a4afc9,FR,TRUE,+33,TRAVEL_ACCOUNT,AGRICULTURE_FISHERY_FORESTRY,COMPLETED,M,FR,fr_RU,TO_SOFT_REVIEW,FALSE,FALSE
781094e2-4188-4d3d-bcd8-d119404c1a7a,910d746f-2332-4eb2-8b5e-7bf8e2f54eb1,FR,TRUE,+35,,,COMPLETED,M,IT,fr_FR,COMPLETED,FALSE,FALSE
fc648183-1a8c-4d6d-9510-2a402fea5ed7,1f2db038-547a-417b-924e-1e5045218c2e,FR,TRUE,+33,CRYPTO_SERVICES,AGRICULTURE_FISHERY_FORESTRY,COMPLETED,M,FR,fr_FR,COMPLETED,FALSE,FALSE
4fbf2da9-62da-4c70-867d-ae687cb57e08,c149e44b-2e31-42eb-8b65-f3e49c1b9191,FR,FALSE,+33,INTERNATIONAL_TRANSFERS,MANAGEMENT,COMPLETED,M,FR,fr_FR,COMPLETED,FALSE,FALSE
a22d46b1-1269-4a53-946e-78374aa268cb,e0e5cade-92e5-44f9-8ede-461a86ddb1d5,FR,TRUE,+33,DAILY_PAYMENT_SERVICES,SERVICE_AND_SALES,COMPLETED,M,FR,fr_FR,COMPLETED,FALSE,FALSE
f255cc4d-4340-4d24-86c8-44eaaed71c32,ceeea8c9-b872-4012-9797-9b9cc1887fd9,FR,FALSE,+33,INTERNATIONAL_TRANSFERS,MANAGEMENT,COMPLETED,M,FR,fr_FR,COMPLETED,FALSE,FALSE
0e2a8f9c-9166-4a07-ae77-6c19948d4b01,a11adc3a-85f3-49ae-8261-f1682df8eb0e,FR,TRUE,+33,DAILY_PAYMENT_SERVICES,ADMINISTRATION,COMPLETED,M,FR,fr_FR,TO_SOFT_REVIEW,FALSE,FALSE
3fd87eec-981f-41ba-bc00-281f0bb0ff63,b4a5b555-1bc4-4535-bb51-72ede3ccb86c,FR,FALSE,+33,DAILY_PAYMENT_SERVICES,CRAFT_AND_RELATED_TRADES,COMPLETED,F,FR,fr_FR,COMPLETED,FALSE,FALSE
de1cd747-e3cb-47e5-9a2c-4571ff2ba088,6f0bd95c-9138-4b12-9cfa-140687a7e6bc,FR,TRUE,+33,DAILY_PAYMENT_SERVICES,MANAGEMENT,COMPLETED,M,FR,fr_FR,COMPLETED,FALSE,FALSE
b475832d-8161-4164-8a61-91db5acb7f9e,60984962-ba2e-484e-8bd9-b3d4a80c987b,FR,TRUE,+33,DAILY_PAYMENT_SERVICES,SERVICE_AND_SALES,COMPLETED,M,FR,fr_FR,TO_SOFT_REVIEW,FALSE,FALSE
918975cb-38d9-4e82-8b9c-94443f87fa5a,f65e883f-32a3-41dd-a796-14a1576393bc,FR,TRUE,+33,,,COMPLETED,M,FR,fr_FR,COMPLETED,FALSE,FALSE
42383cce-22d8-4fef-b857-7943fa58e5b6,b340d14d-34f2-4ec3-a9f5-1540fc0c965d,FR,TRUE,+33,CRYPTO_SERVICES,OTHER_SERVICES,COMPLETED,M,FR,fr_FR,COMPLETED,FALSE,FALSE
b19534eb-e017-4660-921b-3c44d8015b90,ce2806d4-4668-4360-a920-d2dc3615948a,FR,FALSE,+33,TRAVEL_ACCOUNT,EDUCATION,COMPLETED,M,FR,fr_FR,COMPLETED,FALSE,FALSE
27793af6-a401-4b42-8cc8-fbeee7dd7c50,1ec5a14d-a4fe-4e22-9b0a-0a1d2ea10c81,FR,TRUE,+33,DAILY_PAYMENT_SERVICES,HEALTH,COMPLETED,M,FR,fr_FR,COMPLETED,FALSE,FALSE
dd71f2d6-cc1d-4c3d-b32e-400846cf6c21,e5bf80a9-1a0e-47aa-ba11-1c6015b0ff33,FR,TRUE,+33,DAILY_PAYMENT_SERVICES,SERVICE_AND_SALES,COMPLETED,M,FR,fr_FR,COMPLETED,FALSE,FALSE
191c2ede-e7f3-4f78-99e9-71fc391e8eff,db9706df-2cd5-4efe-b02a-a6c922cabc3a,FR,FALSE,+33,DAILY_PAYMENT_SERVICES,MINING_CONSTRUCTION_AND_TRANSPORT,COMPLETED,M,FR,fr_FR,COMPLETED,FALSE,FALSE
4cdfc3f5-9f8b-4a8c-a2d2-2fbae13dd7e1,33289689-12e4-4fb4-aa31-72afbc079d96,FR,TRUE,+33,TRAVEL_ACCOUNT,STUDENTS,COMPLETED,F,FR,fr_FR,COMPLETED,FALSE,FALSE
310f3f00-0e31-4625-bd78-a394745b7c4a,a8986bfe-de3d-4ea9-ae8f-29329ed0cc2a,FR,TRUE,+33,DAILY_PAYMENT_SERVICES,UNEMPLOYED,COMPLETED,M,FR,fr_FR,COMPLETED,FALSE,FALSE
1c45fc90-d7b1-48dc-b2d0-fa5b8501255d,65d25f1d-62cf-48e7-86fb-3bc49f616093,FR,FALSE,+33,DAILY_PAYMENT_SERVICES,OTHER_SERVICES,COMPLETED,F,FR,fr_FR,COMPLETED,FALSE,FALSE
2c941195-e061-473e-a29d-6dd05347f6b9,02a0bf65-acbb-472a-8575-8d5bf279f7f5,FR,TRUE,+33,TRAVEL_ACCOUNT,SERVICE_AND_SALES,COMPLETED,M,FR,fr_FR,COMPLETED,FALSE,FALSE
ed999a73-4eba-4d53-b9e4-0acef049ca9c,c081b8b2-08d1-433e-bbc4-d2988aae1fde,PF,TRUE,+68,DAILY_PAYMENT_SERVICES,OTHER_SERVICES,COMPLETED,M,FR,fr_FR,COMPLETED,FALSE,FALSE
98d1b766-ba88-41a2-adc0-76e8f99f03b3,64adf8e4-6620-423b-aac6-4e233bb0f179,FR,TRUE,+33,DAILY_PAYMENT_SERVICES,UNEMPLOYED,COMPLETED,M,FR,fr_FR,COMPLETED,FALSE,FALSE
59e09816-a0b4-4d52-82ff-6ed3c86f30a9,504226c1-1818-4f74-a065-e97b532a6fe8,FR,TRUE,+33,CRYPTO_SERVICES,RETIRED,COMPLETED,F,FR,fr_FR,COMPLETED,FALSE,FALSE
5baa35f2-c369-4c20-b7e1-53f95365c27f,da726781-9bd5-4b15-86a2-d34f7dc0de35,FR,TRUE,+33,DAILY_PAYMENT_SERVICES,CRAFT_AND_RELATED_TRADES,COMPLETED,M,FR,fr_FR,COMPLETED,FALSE,FALSE
95e908eb-4a16-441e-a8e0-d60278caca81,37ae50a0-a4ee-4c7a-a7e9-ef8a8e36b5bc,FR,FALSE,+44,TRAVEL_ACCOUNT,IT_AND_COMMUNICATION,COMPLETED,F,FR,en_US,COMPLETED,FALSE,FALSE
beefe64a-bf7c-4285-bd72-21076f7f7dc2,34f59eda-2ced-484a-a217-fedd58492bf4,FR,FALSE,+33,CRYPTO_SERVICES,HEALTH,COMPLETED,F,FR,fr_FR,COMPLETED,FALSE,FALSE
95059572-27de-4491-8a05-3d127089de58,09b93ca8-8929-46ed-bea7-acadd02d7b93,FR,TRUE,+33,CRYPTO_SERVICES,RETIRED,COMPLETED,M,FR,fr_FR,TO_SOFT_REVIEW,FALSE,FALSE
350de59c-8590-4886-b4f1-0c717d6e51a0,8549595c-75b2-451c-9712-ee883aed813b,FR,TRUE,+33,DAILY_PAYMENT_SERVICES,OTHER_SERVICES,COMPLETED,M,FR,fr_FR,COMPLETED,FALSE,FALSE
666e7f38-56e8-450e-9f18-2f2322c9f47d,16d6d205-6dda-4c20-90bc-d04c8cbc5497,PF,TRUE,+68,INTERNATIONAL_TRANSFERS,OTHER_SERVICES,COMPLETED,F,FR,fr_FR,COMPLETED,FALSE,FALSE
666e7f38-56e8-450e-9f18-2f2322c9f47d,16d6d205-6dda-4c20-90bc-d04c8cbc5497,PF,TRUE,+68,INTERNATIONAL_TRANSFERS,OTHER_SERVICES,COMPLETED,F,FR,fr_BJ,COMPLETED,FALSE,FALSE
26a3936a-fe33-4c84-b386-7963363bf5d3,ce8e862c-acc8-44db-84cc-80b20bc905a9,FR,TRUE,+33,CRYPTO_SERVICES,SERVICE_AND_SALES,COMPLETED,M,FR,fr_FR,COMPLETED,FALSE,FALSE
9331420f-bf1a-4f04-9903-d5c432620e68,37f4416e-28b6-41bb-8ab3-b3f5d02b8909,FR,TRUE,+33,INTERNATIONAL_TRANSFERS,EDUCATION,COMPLETED,F,IT,fr_FR,COMPLETED,FALSE,FALSE
9331420f-bf1a-4f04-9903-d5c432620e68,37f4416e-28b6-41bb-8ab3-b3f5d02b8909,FR,TRUE,+33,INTERNATIONAL_TRANSFERS,EDUCATION,COMPLETED,F,IT,fr_FR,COMPLETED,FALSE,FALSE
b0bc6e1a-0b83-4129-bb01-d4ec1391ddad,f0e29c76-af0d-4adb-b734-3426571ef77c,FR,FALSE,+33,DAILY_PAYMENT_SERVICES,OTHER_SERVICES,COMPLETED,M,IT,fr_FR,COMPLETED,FALSE,FALSE
2c9b98d6-9457-460c-9794-7be545f7df68,6abb40ff-dca2-4187-9506-9f31d7ed7ef3,FR,TRUE,+44,CRYPTO_SERVICES,ADMINISTRATION,COMPLETED,F,PL,uk_UA,COMPLETED,FALSE,FALSE
2c9b98d6-9457-460c-9794-7be545f7df68,6abb40ff-dca2-4187-9506-9f31d7ed7ef3,FR,FALSE,+44,CRYPTO_SERVICES,ADMINISTRATION,COMPLETED,F,PL,en_US,COMPLETED,FALSE,FALSE
2c9b98d6-9457-460c-9794-7be545f7df68,6abb40ff-dca2-4187-9506-9f31d7ed7ef3,FR,FALSE,+44,CRYPTO_SERVICES,ADMINISTRATION,COMPLETED,F,PL,en_GB,COMPLETED,FALSE,FALSE
95620ed7-4282-4dab-a6e1-5ecf1bd78779,62d26b50-d149-4e11-bdf2-b1d3b5f666be,FR,FALSE,+33,INTERNATIONAL_TRANSFERS,MANAGEMENT,COMPLETED,M,FR,fr_FR,COMPLETED,FALSE,FALSE
09155672-7cfd-41e7-8621-85e583685905,360d2693-5885-403f-a9ff-537a411529b1,PF,TRUE,+68,,,COMPLETED,F,FR,fr_FR,COMPLETED,FALSE,FALSE
8ca02d4b-bd5d-42a3-8db6-e33af7f98b11,a355de3f-6baa-48a7-bb20-265b45826a80,FR,TRUE,+33,CRYPTO_SERVICES,HEALTH,COMPLETED,F,FR,fr_FR,COMPLETED,FALSE,FALSE
f30ed068-9e93-4635-8bae-687f661f974e,dd36ab2c-4d17-4690-922b-a6701d39d9ab,FR,TRUE,+33,CRYPTO_SERVICES,CRAFT_AND_RELATED_TRADES,COMPLETED,M,FR,fr_FR,COMPLETED,FALSE,FALSE
63538f3a-8b8a-4e9f-8ce5-5c45f378173a,ff776a21-4d5a-46f0-913a-9c05b3739167,FR,TRUE,+33,CRYPTO_SERVICES,SERVICE_AND_SALES,COMPLETED,M,FR,en_FR,COMPLETED,FALSE,FALSE
9552b506-d485-4638-be57-0a8ed3539338,f5bffbcd-ab98-4719-b90a-78c01c83c684,FR,FALSE,+33,DAILY_PAYMENT_SERVICES,PLANT_AND_MACHINE_OPERATION,COMPLETED,M,FR,fr_FR,COMPLETED,FALSE,FALSE
551fdc31-13f2-4f12-94bf-bd8b0da2af06,980e63a2-659c-4236-a35a-4959338bc855,FR,TRUE,+33,CRYPTO_SERVICES,SERVICE_AND_SALES,COMPLETED,M,FR,fr_FR,COMPLETED,FALSE,FALSE
343ff53e-9860-4c5a-afe3-23831df0eaec,f46dcdea-f65a-43af-b086-bf925357899c,FR,FALSE,+33,DAILY_PAYMENT_SERVICES,SERVICE_AND_SALES,COMPLETED,F,FR,fr_FR,COMPLETED,FALSE,FALSE
3a67f15f-ae2a-491c-ae46-5235af003859,c30c0cbb-fcbd-446f-b308-40b3ec1c6f45,PF,TRUE,+68,NON_CUSTODIAL_CRYPTO_WALLET,STUDENTS,COMPLETED,M,FR,fr_PF,COMPLETED,FALSE,FALSE
c7ab22a5-d019-4608-9ca9-cf20a4d94baa,50b611ea-a0d9-42b3-abb3-9e03c6609a6c,PF,TRUE,+68,TRAVEL_ACCOUNT,SERVICE_AND_SALES,COMPLETED,F,FR,fr_PF,COMPLETED,FALSE,FALSE
ef6363e6-710d-4369-a6db-b549c2c043a1,a2f9391a-69b8-4cba-b84e-318e60f1b09d,FR,TRUE,+33,DAILY_PAYMENT_SERVICES,OTHER_SERVICES,COMPLETED,M,FR,fr_FR,TO_SOFT_REVIEW,FALSE,FALSE
96313b03-c71c-4342-9aaa-3d9edafe1f21,d399f5d6-ebd8-4852-ad61-64b7d02d5343,PF,TRUE,+68,,,COMPLETED,M,FR,fr_FR,COMPLETED,FALSE,FALSE
96313b03-c71c-4342-9aaa-3d9edafe1f21,d399f5d6-ebd8-4852-ad61-64b7d02d5343,PF,TRUE,+68,NON_CUSTODIAL_CRYPTO_WALLET,UNEMPLOYED,COMPLETED,M,FR,fr_FR,COMPLETED,FALSE,FALSE
3fa7bade-db49-4daa-ba3f-10b5aa8e3527,137227db-9265-42c9-b965-863a0a6deb88,PF,FALSE,+68,CRYPTO_SERVICES,UNEMPLOYED,COMPLETED,F,FR,fr_FR,COMPLETED,FALSE,FALSE
38c3f7d9-2a0e-460e-b3fd-d0248dd171f2,3f6970a4-50b9-4a5a-b834-4d28430cba93,PF,FALSE,+68,TRAVEL_ACCOUNT,OTHER_SERVICES,COMPLETED,F,FR,fr_FR,COMPLETED,FALSE,FALSE
b80ebff5-b756-4606-bc04-2be273f2dcdd,c6cfe157-e1fd-40f7-8c29-ed91a94e0dfc,NC,TRUE,+68,TRAVEL_ACCOUNT,SERVICE_AND_SALES,COMPLETED,F,FR,fr_FR,COMPLETED,FALSE,FALSE
320813b8-05a2-4ea7-9f25-252ecc8a21fe,881aeb75-8460-4ec3-bd97-8008c2f02d8c,FR,TRUE,+33,DAILY_PAYMENT_SERVICES,SERVICE_AND_SALES,COMPLETED,M,FR,fr_FR,COMPLETED,FALSE,FALSE
dfde12b7-347e-4c62-add1-f92b6f35e456,31bf7962-7f58-40d3-94fc-ca65b27897cb,PF,TRUE,+68,TRAVEL_ACCOUNT,IT_AND_COMMUNICATION,COMPLETED,M,FR,fr_FR,COMPLETED,FALSE,FALSE
96996e31-9575-4cd5-8b3a-457a1059ef41,7ac6f836-3557-42aa-b996-edd441d702ce,PF,TRUE,+68,DAILY_PAYMENT_SERVICES,SERVICE_AND_SALES,COMPLETED,F,FR,fr_PF,COMPLETED,FALSE,FALSE
c5148836-df3e-485a-976a-228383df5c33,57ca85ca-89b6-4e53-b85b-0dd0bf7dea20,FR,TRUE,+33,INTERNATIONAL_TRANSFERS,FOOD_PREP_AND_CLEANING,COMPLETED,F,FR,fr_FR,COMPLETED,FALSE,FALSE
26f89f3d-4e04-4036-82e4-f46e5b24548f,2fc64956-ed56-417f-89d7-013554024c82,PF,TRUE,+68,DAILY_PAYMENT_SERVICES,ADMINISTRATION,COMPLETED,F,FR,fr_FR,COMPLETED,FALSE,FALSE
8d8bfa10-3486-4855-aa31-51e10db016f2,304b10eb-b906-42f3-87bf-9e00b763d2a9,PF,TRUE,+68,NON_CUSTODIAL_CRYPTO_WALLET,RETIRED,COMPLETED,M,FR,fr_FR,COMPLETED,FALSE,FALSE
d0d89da9-1cb2-4e7a-8b01-4f8271c36cca,9c3694dd-2051-4395-9be0-be6e66be79f2,FR,FALSE,+33,DAILY_PAYMENT_SERVICES,UNEMPLOYED,COMPLETED,M,FR,fr_FR,COMPLETED,FALSE,FALSE
ff82ecda-7b49-4a2e-88a7-77f42c14201c,11f24d9c-78cc-4a05-bdbe-9c14cba8d846,FR,TRUE,+33,INTERNATIONAL_TRANSFERS,OTHER_SERVICES,COMPLETED,F,FR,fr_FR,COMPLETED,FALSE,FALSE
1083e6f7-25c8-41c9-ad91-f72421aa8afe,a6d9b4dc-6e9d-46a1-8134-8dbf9ef5e09e,FR,FALSE,+33,CRYPTO_SERVICES,ADMINISTRATION,COMPLETED,M,FR,fr_FR,COMPLETED,FALSE,FALSE
94f094db-a493-440d-bbcc-d475e19f5c88,81177a0c-7e3c-4789-9a4e-f10b97327df5,FR,TRUE,+33,TRAVEL_ACCOUNT,OTHER_SERVICES,COMPLETED,M,FR,fr_FR,COMPLETED,FALSE,FALSE
c6b15831-5690-4b37-8d97-0b8b52445ed4,2dfc7d22-a31d-428b-8e8b-bee7b6a8a24a,FR,TRUE,+33,CRYPTO_SERVICES,RETIRED,COMPLETED,M,FR,fr_FR,COMPLETED,FALSE,FALSE
f064aa0c-1e9b-4587-a587-a8b78f208bbe,55325929-cee7-49ae-abd3-492169c8464f,FR,TRUE,+33,,,PENDING,F,FR,fr_FR,COMPLETED,FALSE,FALSE
81d71769-0086-4593-8ff8-4b95d2dee9e4,ac2a9d9a-16d7-4040-ba1b-c9d06d7359c2,FR,TRUE,+33,DAILY_PAYMENT_SERVICES,UNEMPLOYED,COMPLETED,M,FR,fr_FR,COMPLETED,FALSE,FALSE
14c55aff-208d-43f6-af56-d45982a699cc,2144cd11-0902-4796-b7e3-7908b3080055,FR,TRUE,+33,DAILY_PAYMENT_SERVICES,RETIRED,COMPLETED,M,FR,fr_FR,COMPLETED,FALSE,FALSE
0aaaf209-da4f-4675-bf3a-4fc8c2b5aabd,599c5386-9d2b-459b-8927-ee7863e01f9f,FR,TRUE,+33,INTERNATIONAL_TRANSFERS,SERVICE_AND_SALES,COMPLETED,F,FR,fr_FR,COMPLETED,FALSE,FALSE
275f1145-f5bd-44fd-b54a-8d34da90313e,087dd5ed-714a-4a13-9a16-12ff795d6b1c,NC,FALSE,+68,DAILY_PAYMENT_SERVICES,SERVICE_AND_SALES,COMPLETED,F,FR,fr_FR,COMPLETED,FALSE,FALSE
5569c002-778e-4410-9653-c62604a69519,106bd4a4-ec94-4e16-886d-a14200657142,FR,TRUE,+33,DAILY_PAYMENT_SERVICES,OTHER_SERVICES,COMPLETED,M,FR,fr_FR,COMPLETED,FALSE,FALSE
59c0af51-7637-4569-8a6e-4e6d34584d51,19613003-a037-497b-a650-0b985a9332d5,FR,TRUE,+33,NON_CUSTODIAL_CRYPTO_WALLET,STUDENTS,COMPLETED,M,FR,fr_FR,COMPLETED,FALSE,FALSE
bbda4ecf-ca10-4235-bf15-fcfe2a31d5d2,1a3926df-868f-48d1-9dc2-cb84d307c769,FR,TRUE,+33,CRYPTO_SERVICES,STUDENTS,COMPLETED,M,FR,fr_FR,COMPLETED,FALSE,FALSE
4d7e96f6-9576-4ad2-9771-e60e14e1d305,9d3e00e2-62d8-40c1-a3a5-ee208650add7,GF,FALSE,+59,DAILY_PAYMENT_SERVICES,SERVICE_AND_SALES,COMPLETED,F,FR,fr_FR,COMPLETED,FALSE,FALSE
5c838f9a-f257-4386-9c47-30fad6b2f198,e7cea543-f328-400b-8297-d5f89378ecd8,FR,TRUE,+33,DAILY_PAYMENT_SERVICES,STUDENTS,COMPLETED,M,FR,fr_FR,COMPLETED,FALSE,FALSE
d63c1a52-f51e-499f-a2f4-a519fcfe5204,126df878-7061-46b5-8556-74348c6931b3,FR,TRUE,+33,NON_CUSTODIAL_CRYPTO_WALLET,FOOD_PREP_AND_CLEANING,COMPLETED,F,FR,fr_FR,COMPLETED,FALSE,FALSE
58f95232-9adf-4549-a1e4-00a45a1e2f0c,d42409bf-50a0-40d9-b9d9-6d1880587a66,FR,TRUE,+33,DAILY_PAYMENT_SERVICES,HEALTH,COMPLETED,F,FR,fr_FR,COMPLETED,FALSE,FALSE
38c47904-4d66-4a67-a8d1-80adb109b133,e2031b22-12d3-4ff7-9c42-5c5c17f744dc,PF,TRUE,+68,CRYPTO_SERVICES,SERVICE_AND_SALES,COMPLETED,M,FR,fr_FR,COMPLETED,FALSE,FALSE
b34bce57-21db-4b5a-bc46-3017e9ed814b,7815b397-dedb-404d-a039-c454c23c74be,FR,FALSE,+33,DAILY_PAYMENT_SERVICES,RETIRED,COMPLETED,M,FR,fr_FR,COMPLETED,FALSE,FALSE
b34bce57-21db-4b5a-bc46-3017e9ed814b,7815b397-dedb-404d-a039-c454c23c74be,FR,FALSE,+33,DAILY_PAYMENT_SERVICES,RETIRED,COMPLETED,M,FR,fr_FR,COMPLETED,FALSE,FALSE
191fadff-e5dc-49dc-89d2-295419057b41,6d39fa79-f30b-4df0-8389-79dac8e4d41a,GF,TRUE,+59,DAILY_PAYMENT_SERVICES,ADMINISTRATION,COMPLETED,F,FR,fr_GF,COMPLETED,FALSE,FALSE
2163604c-49f1-4b09-8ee0-306ed8dbdfdd,b147a993-7995-4df1-8ff4-1c2b263f3c8f,FR,FALSE,+33,CRYPTO_SERVICES,OTHER_SERVICES,COMPLETED,F,FR,en_GB,COMPLETED,FALSE,FALSE
6280cc53-91a4-41d7-81a4-23170054e421,2299820b-aca7-428c-8feb-60a997b10971,FR,TRUE,+33,DAILY_PAYMENT_SERVICES,OTHER_SERVICES,COMPLETED,M,FR,fr_FR,COMPLETED,FALSE,FALSE
a2b8facf-c7b5-45d5-974d-035bdecc38ed,24f7babe-9517-4d02-80b9-ef0af9203a94,PF,TRUE,+68,,,COMPLETED,F,FR,fr_FR,COMPLETED,FALSE,FALSE
2ee1d7dc-3c34-4976-9df5-247c651005fe,8fddcc39-2367-425b-a4f8-49b825d0f301,FR,FALSE,+33,TRAVEL_ACCOUNT,HEALTH,COMPLETED,F,FR,fr_FR,COMPLETED,FALSE,FALSE
bf5b006b-8398-4e7f-8450-0f1ed92a39bb,c56eca14-6f56-481d-8882-9280c57e1954,FR,TRUE,+33,CRYPTO_SERVICES,SERVICE_AND_SALES,COMPLETED,M,FR,fr_FR,COMPLETED,FALSE,FALSE
058869ec-2af1-4b1b-a8ff-a69e9a5b28a1,ee9a12e7-68ff-4758-95a8-787a7651fa30,FR,TRUE,+33,DAILY_PAYMENT_SERVICES,SERVICE_AND_SALES,COMPLETED,M,FR,fr_FR,COMPLETED,FALSE,FALSE
17e96215-0012-43ed-9b0f-b9bbf61cb765,19156675-19d8-4e53-886c-ef842432eb22,FR,FALSE,+33,DAILY_PAYMENT_SERVICES,OTHER_SERVICES,COMPLETED,M,FR,fr_FR,COMPLETED,FALSE,FALSE
2fc9fb5f-4842-4c6c-8100-c4730316b65e,3bc445e6-053e-4841-9ff0-88d2fca43d61,NC,FALSE,+68,CRYPTO_SERVICES,ADMINISTRATION,COMPLETED,F,FR,fr_FR,COMPLETED,FALSE,FALSE
36be819c-805a-428a-9226-c7a8caaf5493,eed4a14b-dea9-4aac-a2ca-28ce8f9fc10f,FR,TRUE,+33,NON_CUSTODIAL_CRYPTO_WALLET,STUDENTS,COMPLETED,M,FR,en_US,COMPLETED,FALSE,FALSE
acf06ffc-768a-496d-9415-e049b5cbac57,2eeefc09-7843-4e3f-8439-32b9a5fa05b1,FR,TRUE,+33,TRAVEL_ACCOUNT,MINING_CONSTRUCTION_AND_TRANSPORT,COMPLETED,M,FR,fr_FR,COMPLETED,FALSE,FALSE
acf06ffc-768a-496d-9415-e049b5cbac57,2eeefc09-7843-4e3f-8439-32b9a5fa05b1,FR,TRUE,+33,,,COMPLETED,M,FR,fr_FR,COMPLETED,FALSE,FALSE
a54c19ac-76a7-4813-8946-e07253791308,910a411f-85c7-4b0d-9867-0d2e04cde4b4,FR,FALSE,+33,,,COMPLETED,M,FR,fr_FR,COMPLETED,FALSE,FALSE
a54c19ac-76a7-4813-8946-e07253791308,910a411f-85c7-4b0d-9867-0d2e04cde4b4,FR,FALSE,+33,DAILY_PAYMENT_SERVICES,CRAFT_AND_RELATED_TRADES,COMPLETED,M,FR,fr_FR,COMPLETED,FALSE,FALSE
8e535356-979e-47bb-82ab-8f3fed653aa0,6f3a072e-3a85-4a07-ab4f-94b71ec9064e,FR,TRUE,+33,CRYPTO_SERVICES,EDUCATION,COMPLETED,M,FR,fr_FR,COMPLETED,FALSE,FALSE
f9e1cb2d-1eb1-4287-b7b5-4dc1ff8497f5,891b8344-4836-4959-9b13-3e31c51be2b6,FR,TRUE,+33,CRYPTO_SERVICES,MANAGEMENT,COMPLETED,M,FR,fr_FR,COMPLETED,FALSE,FALSE
a308096a-c68b-4221-8514-f86d70c58271,6b23c4c2-c15d-4d6e-8197-4b2abfeaffda,FR,TRUE,+33,DAILY_PAYMENT_SERVICES,IT_AND_COMMUNICATION,COMPLETED,M,FR,fr_FR,COMPLETED,FALSE,FALSE
9b4b9f28-a6ac-4d5b-8ab5-868a503d88e0,b6809ec4-612d-4ec5-9181-a1b74771e85a,FR,TRUE,+33,CRYPTO_SERVICES,AGRICULTURE_FISHERY_FORESTRY,COMPLETED,M,FR,fr_FR,COMPLETED,FALSE,FALSE
f0883b99-b1e2-4063-a96f-d16362be765e,5c07a601-3ad6-4ed3-b2a4-5eceb1a36b10,FR,TRUE,+33,NON_CUSTODIAL_CRYPTO_WALLET,STUDENTS,COMPLETED,M,FR,fr_FR,COMPLETED,FALSE,FALSE
85cfab8a-d390-4558-a9b7-6b33d683599f,4940e8a4-ebd8-4b5e-b6da-cf10b9067db5,FR,TRUE,+33,DAILY_PAYMENT_SERVICES,STUDENTS,COMPLETED,M,FR,fr_FR,COMPLETED,FALSE,FALSE
a79ba4bb-2086-48d0-a546-b9f83df9f723,457acd21-ae8c-4ca3-9805-3cb78c78293d,FR,TRUE,+33,DAILY_PAYMENT_SERVICES,STUDENTS,COMPLETED,M,FR,fr_FR,COMPLETED,FALSE,FALSE
a79ba4bb-2086-48d0-a546-b9f83df9f723,457acd21-ae8c-4ca3-9805-3cb78c78293d,FR,FALSE,+33,DAILY_PAYMENT_SERVICES,STUDENTS,COMPLETED,M,FR,fr_FR,COMPLETED,FALSE,FALSE
299ab35b-ece3-4459-b4f7-657c2f680e49,8c4d7abd-8109-4c68-b463-d6a62b0ef36b,FR,TRUE,+33,DAILY_PAYMENT_SERVICES,FOOD_PREP_AND_CLEANING,COMPLETED,F,FR,fr_FR,COMPLETED,FALSE,FALSE
27793af6-a401-4b42-8cc8-fbeee7dd7c50,1ec5a14d-a4fe-4e22-9b0a-0a1d2ea10c81,FR,TRUE,+33,DAILY_PAYMENT_SERVICES,HEALTH,COMPLETED,M,FR,fr_FR,COMPLETED,FALSE,FALSE
44eabab0-af02-4210-a9ee-1d319bf75062,d09de21b-4b3f-4875-a592-65524001b4c6,FR,TRUE,+33,CRYPTO_SERVICES,MANAGEMENT,COMPLETED,F,FR,fr_FR,COMPLETED,FALSE,FALSE
cb4c8766-47e6-45ac-a743-9a61a6030148,bf8b98d9-14c6-4e38-b731-837e74ad893d,PF,TRUE,+68,INTERNATIONAL_TRANSFERS,SERVICE_AND_SALES,COMPLETED,F,FR,en_PF,COMPLETED,FALSE,FALSE
c7ccec1a-cf6d-476f-ae59-0a3cc5ed9fe8,1bbc69ea-2e2e-4b4f-87f9-075eaf2dd15c,FR,TRUE,+33,DAILY_PAYMENT_SERVICES,UNEMPLOYED,COMPLETED,F,FR,fr_FR,COMPLETED,FALSE,FALSE
4a256e20-7369-4ae2-8cda-d50af24b1ab8,5ae2045c-ddd1-405d-8a7e-791648824f9b,PF,TRUE,+68,NON_CUSTODIAL_CRYPTO_WALLET,OTHER_SERVICES,COMPLETED,F,FR,fr_FR,COMPLETED,FALSE,FALSE
927b48f3-8284-4fcc-ba6e-39159c5fbb78,c862eac0-1138-4317-ab2f-192178760a72,PF,FALSE,+68,DAILY_PAYMENT_SERVICES,SERVICE_AND_SALES,COMPLETED,F,FR,fr_FR,COMPLETED,FALSE,FALSE
6c2f7878-3874-4a7c-98da-47212ccac581,de48af32-fe34-41ff-a3a4-bb8512d57009,PF,FALSE,+68,INTERNATIONAL_TRANSFERS,OTHER_SERVICES,COMPLETED,F,FR,fr_FR,COMPLETED,FALSE,FALSE
6c2f7878-3874-4a7c-98da-47212ccac581,de48af32-fe34-41ff-a3a4-bb8512d57009,PF,TRUE,+68,INTERNATIONAL_TRANSFERS,OTHER_SERVICES,COMPLETED,F,FR,fr_FR,COMPLETED,FALSE,FALSE
d76d61aa-c7a2-4806-a178-31f0fe4b48d5,d1ec57ec-cbf1-4c22-9e91-294b26060186,PF,TRUE,+68,NON_CUSTODIAL_CRYPTO_WALLET,STUDENTS,COMPLETED,F,FR,fr_PF,COMPLETED,FALSE,FALSE
a7ec1fb7-7fe0-42fb-9187-dd099cf34352,47112b10-e599-4068-aa76-bcf6b10190c9,FR,TRUE,+33,CRYPTO_SERVICES,CRAFT_AND_RELATED_TRADES,COMPLETED,M,FR,fr_FR,COMPLETED,FALSE,FALSE
a7ec1fb7-7fe0-42fb-9187-dd099cf34352,47112b10-e599-4068-aa76-bcf6b10190c9,FR,TRUE,+33,,,COMPLETED,M,FR,fr_FR,COMPLETED,FALSE,FALSE
a7ec1fb7-7fe0-42fb-9187-dd099cf34352,47112b10-e599-4068-aa76-bcf6b10190c9,FR,TRUE,+33,,CRAFT_AND_RELATED_TRADES,COMPLETED,M,FR,fr_FR,COMPLETED,FALSE,FALSE
c41440b7-b75f-4204-9bfb-d9cb5963e25e,140e7d9c-a21b-4fd2-a36b-f1b40dfa28bc,PF,FALSE,+68,TRAVEL_ACCOUNT,SERVICE_AND_SALES,COMPLETED,F,FR,fr_FR,COMPLETED,FALSE,FALSE
dd71f2d6-cc1d-4c3d-b32e-400846cf6c21,e5bf80a9-1a0e-47aa-ba11-1c6015b0ff33,FR,TRUE,+33,DAILY_PAYMENT_SERVICES,SERVICE_AND_SALES,COMPLETED,M,FR,fr_FR,COMPLETED,FALSE,FALSE
c7d17ee9-65ef-4552-b5f7-b6d0a15c5618,1ad7f859-fe23-4bd5-9ecc-584e13a5a9bb,NC,TRUE,+68,TRAVEL_ACCOUNT,SERVICE_AND_SALES,COMPLETED,F,FR,fr_FR,COMPLETED,FALSE,FALSE
d0362e03-fd32-460a-b866-931b58c3cf25,37d4adfc-0392-4d4e-872e-c66a4e14b00f,FR,TRUE,+33,DAILY_PAYMENT_SERVICES,OTHER_SERVICES,COMPLETED,M,FR,fr_FR,COMPLETED,FALSE,FALSE
0b423274-db0b-4df9-9897-01e4d7e1cb7f,66635811-7cd0-4c79-afad-7cd4c82bc6ff,FR,FALSE,+33,NON_CUSTODIAL_CRYPTO_WALLET,AGRICULTURE_FISHERY_FORESTRY,COMPLETED,M,FR,fr_FR,COMPLETED,FALSE,FALSE
d0c416c8-e476-4099-a81a-191429fc14fb,bcb0583e-e001-4d6e-8c17-3e5dca3ab58c,PF,TRUE,+68,DAILY_PAYMENT_SERVICES,UNEMPLOYED,COMPLETED,M,FR,fr_PF,TO_SOFT_REVIEW,FALSE,FALSE
d0c416c8-e476-4099-a81a-191429fc14fb,bcb0583e-e001-4d6e-8c17-3e5dca3ab58c,PF,TRUE,+68,DAILY_PAYMENT_SERVICES,UNEMPLOYED,COMPLETED,M,FR,fr_FR,TO_SOFT_REVIEW,FALSE,FALSE
d0c416c8-e476-4099-a81a-191429fc14fb,bcb0583e-e001-4d6e-8c17-3e5dca3ab58c,PF,TRUE,+68,DAILY_PAYMENT_SERVICES,UNEMPLOYED,COMPLETED,M,FR,fr_FR,TO_SOFT_REVIEW,FALSE,FALSE
d0c416c8-e476-4099-a81a-191429fc14fb,bcb0583e-e001-4d6e-8c17-3e5dca3ab58c,PF,TRUE,+68,DAILY_PAYMENT_SERVICES,UNEMPLOYED,COMPLETED,M,FR,fr_PF,TO_SOFT_REVIEW,FALSE,FALSE
3fc50bab-4252-47a5-a4fd-c5108276eb15,bcd22a9d-2643-4fde-b739-c1f84984e760,PF,TRUE,+68,DAILY_PAYMENT_SERVICES,MANAGEMENT,COMPLETED,M,FR,fr_FR,COMPLETED,FALSE,FALSE
488b7ee3-b2e9-4419-83c4-745dbaf1c703,00bb31c5-8c62-438b-a2e2-c1d330bb262c,FR,TRUE,+33,CRYPTO_SERVICES,SERVICE_AND_SALES,COMPLETED,M,FR,fr_FR,COMPLETED,FALSE,FALSE
488b7ee3-b2e9-4419-83c4-745dbaf1c703,00bb31c5-8c62-438b-a2e2-c1d330bb262c,FR,TRUE,+33,CRYPTO_SERVICES,SERVICE_AND_SALES,COMPLETED,M,FR,fr_FR,COMPLETED,FALSE,FALSE
19afb25b-6a99-4f80-8c8a-b98c0f2652aa,7fc54b2b-c606-4f32-b05a-deafc40f1fe5,FR,TRUE,+33,DAILY_PAYMENT_SERVICES,SERVICE_AND_SALES,COMPLETED,M,FR,fr_FR,TO_SOFT_REVIEW,FALSE,FALSE
5e61fb25-4ad2-4664-a03b-4c0e2043bfbe,4d660bef-cdef-46f9-8889-9f76e3803b70,FR,TRUE,+33,DAILY_PAYMENT_SERVICES,OTHER_SERVICES,COMPLETED,M,FR,fr_FR,COMPLETED,FALSE,FALSE
ea028705-6fbf-4a60-b2a3-64d157a20b39,df93ac0b-0c97-4bed-96cd-6d770e037b56,FR,FALSE,+33,TRAVEL_ACCOUNT,AGRICULTURE_FISHERY_FORESTRY,COMPLETED,M,FR,fr_FR,COMPLETED,FALSE,FALSE
b6c2ce6e-5cfd-4f0c-ae81-14e3af905905,21a65728-f6f0-4ea2-8cb6-7372d6ae34a0,FR,TRUE,+33,CRYPTO_SERVICES,RETIRED,COMPLETED,M,FR,fr_FR,COMPLETED,FALSE,FALSE
b6c2ce6e-5cfd-4f0c-ae81-14e3af905905,21a65728-f6f0-4ea2-8cb6-7372d6ae34a0,FR,TRUE,+33,CRYPTO_SERVICES,RETIRED,COMPLETED,M,FR,fr_FR,COMPLETED,FALSE,FALSE
43a0ff14-d9ff-414d-9240-0be572ae3556,00dd12ba-a003-4e05-a737-2f9475cb9244,FR,TRUE,+33,CRYPTO_SERVICES,OTHER_SERVICES,COMPLETED,M,FR,fr_FR,COMPLETED,FALSE,FALSE
93d62334-baad-4848-80c6-ddd8cd60e5e4,a4291f2b-d72b-4b54-9037-3df8da335e26,FR,TRUE,+33,CRYPTO_SERVICES,SERVICE_AND_SALES,COMPLETED,M,FR,fr_FR,COMPLETED,FALSE,FALSE
f8c8240f-fb4a-4bf2-9a65-0b22ee2df683,8529b7cc-9334-411b-b744-b173bf971bde,FR,TRUE,+33,CRYPTO_SERVICES,SERVICE_AND_SALES,COMPLETED,M,FR,fr_FR,COMPLETED,FALSE,FALSE
fa81965c-dc2c-46d1-8461-1db9dabe8966,a8355d96-4e85-4271-82b3-42a04baa7937,FR,TRUE,+33,INTERNATIONAL_TRANSFERS,OTHER_SERVICES,COMPLETED,M,FR,fr_FR,COMPLETED,FALSE,FALSE
18c5037d-50d6-4be1-a32c-f402f8aec9d6,805fed3c-a81a-4362-bac6-a33dc4e47fff,FR,FALSE,+33,DAILY_PAYMENT_SERVICES,HEALTH,COMPLETED,M,FR,fr_FR,COMPLETED,FALSE,FALSE
a4c4e12f-6982-4a0d-80a9-53d30fbd2864,f1e040c1-68d8-426f-97c9-c4a2e452ba17,FR,TRUE,+33,,,COMPLETED,F,FR,fr_FR,COMPLETED,FALSE,FALSE
d1496b24-0dc5-4f71-b427-3de54ec6a419,326d5aaa-039f-436a-957e-9d655d6fa52f,PF,TRUE,+68,,,COMPLETED,F,FR,fr_PF,COMPLETED,FALSE,FALSE
b412e07e-ffd8-477f-8a3e-221a908ea68e,5fdf5754-9c6e-4f4a-ba8a-b5e7a0539927,FR,TRUE,+33,DAILY_PAYMENT_SERVICES,FOOD_PREP_AND_CLEANING,COMPLETED,F,FR,fr_FR,COMPLETED,FALSE,FALSE
1f665a8c-1da8-43e5-b783-f76df1f32b69,b90e8555-e8ec-4125-b803-92db2d2ceb7b,FR,TRUE,+33,DAILY_PAYMENT_SERVICES,CRAFT_AND_RELATED_TRADES,COMPLETED,M,FR,fr_FR,COMPLETED,FALSE,FALSE
48fbfe01-5415-4b22-aaa0-d4ca05d299a4,b2af178b-46ee-4309-94cd-4e8db54438d2,FR,TRUE,+33,,,COMPLETED,F,FR,fr_FR,COMPLETED,FALSE,FALSE
ada82267-9855-4a53-a6e9-897843d40676,194fc4ff-813b-4320-ade8-8e089dd24663,FR,TRUE,+33,NON_CUSTODIAL_CRYPTO_WALLET,SERVICE_AND_SALES,COMPLETED,F,FR,fr_FR,COMPLETED,FALSE,FALSE
28317f24-635b-4989-bcd4-7d6ea77db4ff,029e95cd-7393-471c-8cdf-8c574572738a,RE,FALSE,+26,CRYPTO_SERVICES,RETIRED,COMPLETED,M,FR,fr_FR,COMPLETED,FALSE,FALSE
bce237b2-4855-4683-b5fc-65dee14a563c,8f55f596-ec4f-40cb-8d33-909a5332a30a,PF,FALSE,+68,INTERNATIONAL_TRANSFERS,SERVICE_AND_SALES,COMPLETED,M,FR,fr_FR,COMPLETED,FALSE,FALSE
877b1e1b-2a00-4ce8-938c-68a7484d4aaf,26baf21a-26e3-43ea-8ec2-986693dcbaa2,PF,FALSE,+68,,,COMPLETED,F,FR,fr_FR,COMPLETED,FALSE,FALSE
3d754593-0dc8-44c1-a3ef-ef63f638483d,f78008ac-cee6-4c71-8831-cfa129e5c87d,FR,TRUE,+33,DAILY_PAYMENT_SERVICES,ADMINISTRATION,COMPLETED,M,FR,fr_FR,COMPLETED,FALSE,FALSE
d2f7aa20-cdbb-4ece-808f-265c6115a007,0574a386-0ee9-4f8e-8f70-15cbbc0015a0,FR,FALSE,+33,CRYPTO_SERVICES,ADMINISTRATION,COMPLETED,M,FR,fr_FR,COMPLETED,FALSE,FALSE
cd8fdecb-2699-48ac-919f-069de443c966,45c87ae3-49b5-4c58-9cac-e4964f779731,FR,TRUE,+33,DAILY_PAYMENT_SERVICES,SERVICE_AND_SALES,COMPLETED,F,FR,fr_FR,COMPLETED,FALSE,FALSE
3e65a0b1-f8f5-4338-b069-f8e380dd0b59,1d63f391-7868-4a4d-9c56-f29578fc7e45,FR,FALSE,+33,CRYPTO_SERVICES,OTHER_SERVICES,COMPLETED,M,FR,fr_FR,COMPLETED,FALSE,FALSE
ad61c149-b8b3-4f9d-bd13-1dda6e1ac654,d7402c05-3624-45b7-abe5-b0d032d24df6,FR,TRUE,+33,NON_CUSTODIAL_CRYPTO_WALLET,EDUCATION,COMPLETED,M,FR,fr_FR,COMPLETED,FALSE,FALSE
3becb75b-45c4-46b1-9f37-39b948930d08,ba72964f-6fa7-4e5a-b656-36d6c559c2cd,FR,TRUE,+33,NON_CUSTODIAL_CRYPTO_WALLET,UNEMPLOYED,COMPLETED,F,FR,fr_FR,COMPLETED,FALSE,FALSE
310f3f00-0e31-4625-bd78-a394745b7c4a,a8986bfe-de3d-4ea9-ae8f-29329ed0cc2a,FR,FALSE,+33,DAILY_PAYMENT_SERVICES,UNEMPLOYED,COMPLETED,M,FR,fr_FR,COMPLETED,FALSE,FALSE
310f3f00-0e31-4625-bd78-a394745b7c4a,a8986bfe-de3d-4ea9-ae8f-29329ed0cc2a,FR,FALSE,+33,DAILY_PAYMENT_SERVICES,UNEMPLOYED,COMPLETED,M,FR,fr_FR,COMPLETED,FALSE,FALSE
1f75d7a6-a63e-457c-a56f-4ed5f18ae97c,2cd43018-8d0a-4516-89f1-3bccd6a5b38c,PF,FALSE,+68,,,COMPLETED,F,FR,fr_FR,COMPLETED,FALSE,FALSE
fec500fb-6e33-4c59-b0ec-3fdf41507d9c,40bb7fe4-8865-4e64-871e-2257867ddbcc,FR,TRUE,+33,DAILY_PAYMENT_SERVICES,STUDENTS,COMPLETED,M,FR,fr_FR,COMPLETED,FALSE,FALSE
78efd9e3-5e02-4136-bb12-b35080c64791,ba592106-5cf3-4567-859e-f8985af27664,FR,TRUE,+33,,STUDENTS,COMPLETED,M,FR,fr_FR,COMPLETED,FALSE,FALSE
4f7a9740-60c1-4bf6-8f56-363535b99e0d,07fec519-6e86-477b-96ca-fe3280f733f1,PF,FALSE,+68,INTERNATIONAL_TRANSFERS,UNEMPLOYED,COMPLETED,M,FR,fr_FR,COMPLETED,FALSE,FALSE
64ca7af3-3c0d-4629-a536-b3cd481034a9,d0f020eb-4045-41a3-8dca-0cf27c7728a5,FR,TRUE,+33,,,COMPLETED,F,FR,fr_FR,COMPLETED,FALSE,FALSE
8980a224-0d30-4e02-9b97-2d103483a972,c59060a0-c519-49cf-9853-e582d750a59e,GF,TRUE,+59,DAILY_PAYMENT_SERVICES,OTHER_SERVICES,COMPLETED,F,FR,fr_GF,COMPLETED,FALSE,FALSE
801af702-b63f-4632-a2dc-69f2172ebbb7,0a9e4f5e-caf6-4395-a243-f54a59f5311e,FR,FALSE,+33,,,COMPLETED,M,FR,fr_FR,COMPLETED,FALSE,FALSE
825e2302-9251-4fdd-9fec-f3130bd8f0b8,dbecc172-152b-452c-87aa-608d1b4d8d5a,FR,TRUE,+33,CRYPTO_SERVICES,ADMINISTRATION,COMPLETED,M,FR,fr_FR,COMPLETED,FALSE,FALSE
6f80cbaf-2603-4a1d-9519-670386f50633,c92d7c71-3582-4129-80c2-1ac1a305eb61,FR,TRUE,+33,DAILY_PAYMENT_SERVICES,ADMINISTRATION,COMPLETED,M,FR,fr_FR,COMPLETED,FALSE,FALSE
fe535ae2-8454-4c15-b8f1-685f3a715501,28b9bb6f-00db-4247-870a-efcd38047f76,FR,FALSE,+33,DAILY_PAYMENT_SERVICES,UNEMPLOYED,COMPLETED,M,FR,fr_FR,COMPLETED,FALSE,FALSE
2368b303-4437-43f9-a884-0fbbcab2bf34,f2c6273b-0f0c-4cde-92d6-e9326b8324cf,PF,TRUE,+68,TRAVEL_ACCOUNT,OTHER_SERVICES,COMPLETED,F,FR,fr_BS,COMPLETED,FALSE,FALSE
7df96552-719d-458c-9cff-d3e1a53eddf4,9a8083f4-3170-4d05-ba25-80047cfc37a7,FR,TRUE,+33,DAILY_PAYMENT_SERVICES,STUDENTS,COMPLETED,M,FR,fr_FR,COMPLETED,FALSE,FALSE
7df96552-719d-458c-9cff-d3e1a53eddf4,9a8083f4-3170-4d05-ba25-80047cfc37a7,FR,TRUE,+33,DAILY_PAYMENT_SERVICES,STUDENTS,COMPLETED,M,FR,fr_FR,COMPLETED,FALSE,FALSE
7df96552-719d-458c-9cff-d3e1a53eddf4,9a8083f4-3170-4d05-ba25-80047cfc37a7,FR,FALSE,+33,DAILY_PAYMENT_SERVICES,STUDENTS,COMPLETED,M,FR,fr_FR,COMPLETED,FALSE,FALSE
c978fb05-c527-4e4a-aacb-cf7af50c216e,ed3a8618-c858-4ead-ba2a-de439961b8fd,FR,TRUE,+33,,,COMPLETED,M,FR,fr_FR,COMPLETED,FALSE,FALSE
c978fb05-c527-4e4a-aacb-cf7af50c216e,ed3a8618-c858-4ead-ba2a-de439961b8fd,FR,TRUE,+33,CRYPTO_SERVICES,OTHER_SERVICES,COMPLETED,M,FR,fr_FR,COMPLETED,FALSE,FALSE
1a16a010-06c4-4960-8b53-20c0971fecfd,698788f6-905d-46bd-b170-e660fff8e1bb,FR,TRUE,+33,,,COMPLETED,M,FR,fr_FR,COMPLETED,FALSE,FALSE
39b6eca0-262e-44ec-a50b-4c25e92e4c15,a11e5749-5356-406b-8a8f-9578bf148c9c,FR,FALSE,+33,INTERNATIONAL_TRANSFERS,FOOD_PREP_AND_CLEANING,COMPLETED,F,FR,fr_FR,COMPLETED,FALSE,FALSE
39b6eca0-262e-44ec-a50b-4c25e92e4c15,a11e5749-5356-406b-8a8f-9578bf148c9c,FR,FALSE,+33,INTERNATIONAL_TRANSFERS,FOOD_PREP_AND_CLEANING,COMPLETED,F,FR,fr_FR,COMPLETED,FALSE,FALSE
39b6eca0-262e-44ec-a50b-4c25e92e4c15,a11e5749-5356-406b-8a8f-9578bf148c9c,FR,FALSE,+33,INTERNATIONAL_TRANSFERS,FOOD_PREP_AND_CLEANING,COMPLETED,F,FR,fr_FR,COMPLETED,FALSE,FALSE
ba5ed94e-3dd4-4d42-92d7-1560b859fbe5,7221465d-1266-4e29-a6c3-4f449b457868,PF,FALSE,+68,TRAVEL_ACCOUNT,UNEMPLOYED,COMPLETED,F,FR,fr_FR,COMPLETED,FALSE,FALSE
54ac0981-aa97-4506-a42d-6f91ceba5747,cf29f3d5-45ca-4515-a3b7-13a67429d35a,FR,TRUE,+33,DAILY_PAYMENT_SERVICES,SERVICE_AND_SALES,COMPLETED,F,FR,fr_FR,COMPLETED,FALSE,FALSE
b4c30928-ca68-4a96-9a95-0d7ede32851c,f6e37b27-9b88-4036-aa98-d50815012323,GP,TRUE,+59,INTERNATIONAL_TRANSFERS,HEALTH,COMPLETED,F,FR,fr_FR,COMPLETED,FALSE,FALSE
1616ee37-822a-4b61-b47c-b93c5d443187,07d6dd46-f308-4842-8bcc-d547d97a96d6,FR,TRUE,+33,DAILY_PAYMENT_SERVICES,UNEMPLOYED,COMPLETED,M,FR,fr_FR,COMPLETED,FALSE,FALSE
078fea48-74c8-4a73-9aac-b821a98fa585,6afd6262-48de-4115-a7ef-73cadf3a7c41,FR,TRUE,+33,INTERNATIONAL_TRANSFERS,SERVICE_AND_SALES,COMPLETED,M,FR,fr_FR,COMPLETED,FALSE,FALSE
c4a4efc2-7c54-46b1-a96c-cfc81623bd9e,bded16ad-afaa-4d8d-9202-75d1dfa1685b,FR,FALSE,+33,DAILY_PAYMENT_SERVICES,ADMINISTRATION,COMPLETED,M,FR,fr_FR,COMPLETED,FALSE,FALSE
0dc96a31-ce5f-484b-a5e4-0a292b7377fa,5737fed4-016f-4b11-870a-2eab39b30a8b,FR,TRUE,+33,DAILY_PAYMENT_SERVICES,OTHER_SERVICES,COMPLETED,M,FR,fr_AF,COMPLETED,FALSE,FALSE
07ed3c35-863b-42f6-8269-5ed65ca6b38d,332f7bbe-af70-4b8e-9da0-93fa66644215,FR,FALSE,+33,DAILY_PAYMENT_SERVICES,MANAGEMENT,COMPLETED,M,FR,fr_FR,COMPLETED,FALSE,FALSE
cd0699d8-a7f3-4a69-8915-2fd56d4aa996,c94c2c12-1a2e-4ecf-9c2f-71f1ac82b8d7,FR,TRUE,+33,CRYPTO_SERVICES,STUDENTS,COMPLETED,M,FR,fr_FR,COMPLETED,FALSE,FALSE
a1a6b684-0f34-412f-8fde-16edf70ccca9,57bda503-89b1-41d3-a388-7bcbbf0d2e94,GF,TRUE,+59,DAILY_PAYMENT_SERVICES,CRAFT_AND_RELATED_TRADES,COMPLETED,M,FR,fr_GF,COMPLETED,FALSE,FALSE
4e3bdeca-fe80-4fb7-8902-faee1a47c98d,7b905a87-361d-436d-b079-03900ed868f6,PF,FALSE,+68,TRAVEL_ACCOUNT,ADMINISTRATION,COMPLETED,F,FR,fr_FR,COMPLETED,FALSE,FALSE
2f015127-7dc3-49bb-afc7-e371ad472a55,245fcc0b-c450-47f3-94b8-6a9556a60dff,FR,TRUE,+33,DAILY_PAYMENT_SERVICES,FOOD_PREP_AND_CLEANING,COMPLETED,M,FR,fr_FR,COMPLETED,FALSE,FALSE
ce929c88-6458-4e4a-9ae1-4329c2075f0f,f5970a30-aebe-463c-a2da-27acc868b742,PF,FALSE,+68,INTERNATIONAL_TRANSFERS,OTHER_SERVICES,COMPLETED,M,FR,fr_FR,COMPLETED,FALSE,FALSE
7449735a-28cc-4c71-ae1f-1a58d5b65600,2d2c95d9-b5d6-4f58-a358-173d93049e32,RE,FALSE,+26,DAILY_PAYMENT_SERVICES,SERVICE_AND_SALES,COMPLETED,F,FR,fr_FR,COMPLETED,FALSE,FALSE
b19e8e99-e4d6-46f4-a8fd-18a9cb3a4e9f,69eeabe7-3f00-4eac-8717-c207033adc86,PF,FALSE,+68,NON_CUSTODIAL_CRYPTO_WALLET,UNEMPLOYED,COMPLETED,F,FR,fr_FR,COMPLETED,FALSE,FALSE
1734a9d5-50d7-49b2-b75a-883c39da30e9,f06a7b0a-fe2b-421b-974b-2f9a38049b12,PF,TRUE,+68,,,COMPLETED,F,FR,fr_PF,COMPLETED,FALSE,FALSE
350ee473-2260-4402-a729-7dd98a915d1e,c893a2eb-ce7e-4c38-b72b-de083b815de2,PF,TRUE,+68,TRAVEL_ACCOUNT,HEALTH,COMPLETED,M,FR,fr_PF,COMPLETED,FALSE,FALSE
53b3ad32-2cff-4741-a63f-63473ca53581,9c2c8268-d098-40cb-b4dc-ca830df672b0,FR,TRUE,+33,DAILY_PAYMENT_SERVICES,UNEMPLOYED,COMPLETED,F,FR,fr_FR,COMPLETED,FALSE,FALSE
a5176640-c51e-4e01-9c84-0bd87e45482d,aee57289-2ae6-43da-9872-800691ccf714,FR,TRUE,+33,,UNEMPLOYED,COMPLETED,M,FR,fr_FR,COMPLETED,FALSE,FALSE
e6b8c9c9-9f10-480e-b18c-2c9d6313cdb6,868db8fc-d73c-4055-8b19-798c7feb4d0a,FR,TRUE,+33,NON_CUSTODIAL_CRYPTO_WALLET,OTHER_SERVICES,COMPLETED,M,FR,fr_FR,COMPLETED,FALSE,FALSE
17dda5d4-c16f-46bd-a293-65ac50d26671,a876af42-eaaa-4e3b-892b-418e2828aaee,MQ,FALSE,+59,DAILY_PAYMENT_SERVICES,HEALTH,COMPLETED,F,FR,fr_FR,TO_SOFT_REVIEW,FALSE,FALSE
09eb1d23-10f5-4cf4-be4c-5b9632e84c13,af42854c-059d-4b8f-bf90-ccd83082f3af,FR,FALSE,+33,INTERNATIONAL_TRANSFERS,AGRICULTURE_FISHERY_FORESTRY,COMPLETED,M,FR,fr_FR,COMPLETED,FALSE,FALSE
00c6762c-3976-492d-ba13-654d254a8542,fbf7b818-ef32-49b3-9de4-ddefdf2f02c3,PF,TRUE,+68,INTERNATIONAL_TRANSFERS,SERVICE_AND_SALES,COMPLETED,F,FR,fr_FR,COMPLETED,FALSE,FALSE
742e0449-3472-48fc-be4c-af78fb9c3bb0,3b577623-84a1-4975-8628-bc8f51fcb19e,FR,TRUE,+33,CRYPTO_SERVICES,STUDENTS,COMPLETED,M,FR,fr_FR,COMPLETED,FALSE,FALSE
a5a07f88-9c28-4670-82ff-8e164c85dbc0,e9d97a8b-4865-40ce-af00-1989f4a1594c,FR,FALSE,+33,CRYPTO_SERVICES,RETIRED,COMPLETED,F,FR,fr_FR,COMPLETED,FALSE,FALSE
9ed63497-4a3b-4acc-bd27-422d35d0127c,c4c08a61-d9e2-47ac-90d6-ecbf7e431b23,RE,TRUE,+26,DAILY_PAYMENT_SERVICES,STUDENTS,COMPLETED,M,FR,fr_RE,COMPLETED,FALSE,FALSE
9fae1c6a-242a-441c-8e49-ebe7f6de3923,539e3c80-9305-447f-a11f-17e150900560,FR,TRUE,+33,,,COMPLETED,M,FR,fr_FR,TO_SOFT_REVIEW,FALSE,FALSE
2f8c5cb6-3cdc-4fd9-92b0-6b6ae55a27d3,f51f1e33-d67c-40de-8ba2-be95cda2ec92,FR,TRUE,+33,DAILY_PAYMENT_SERVICES,OTHER_SERVICES,COMPLETED,M,FR,fr_FR,COMPLETED,FALSE,FALSE
24dd1e58-3466-4615-b84a-4f2cf8f426bd,338062cc-5bb0-4c10-95a9-b4aa19e669f3,FR,TRUE,+33,TRAVEL_ACCOUNT,MINING_CONSTRUCTION_AND_TRANSPORT,COMPLETED,M,FR,fr_FR,COMPLETED,FALSE,FALSE
0ed42672-70a4-4bda-8325-91d46cb62fed,f50cec61-8ad3-4f8d-84a1-4c33f0c258bd,FR,TRUE,+33,CRYPTO_SERVICES,PLANT_AND_MACHINE_OPERATION,COMPLETED,M,FR,fr_FR,TO_SOFT_REVIEW,FALSE,FALSE
c997cb6f-73ec-445a-85b0-3a86bc18436b,427f8f6f-abe1-4a38-b9de-09a91a4b15f7,FR,TRUE,+33,CRYPTO_SERVICES,SERVICE_AND_SALES,COMPLETED,M,FR,fr_FR,COMPLETED,FALSE,FALSE
6ebbdc64-f752-4971-ac1f-8a3059dc2873,4d32a654-b8d8-45fc-b51f-357669db6457,FR,TRUE,+33,NON_CUSTODIAL_CRYPTO_WALLET,STUDENTS,COMPLETED,M,FR,fr_AL,COMPLETED,FALSE,FALSE
e3da4946-456e-40b5-bff2-225610f875a0,e8944816-6161-417a-bbb5-f022dc1cd05d,FR,FALSE,+33,DAILY_PAYMENT_SERVICES,STUDENTS,COMPLETED,M,FR,fr_FR,COMPLETED,FALSE,FALSE
e390c86b-35a7-4a9e-8b7e-dcbfd4e0bd8c,f4ffcdd1-383c-435e-b23a-64a465f0527d,FR,TRUE,+33,DAILY_PAYMENT_SERVICES,UNEMPLOYED,COMPLETED,F,FR,fr_FR,COMPLETED,FALSE,FALSE
e390c86b-35a7-4a9e-8b7e-dcbfd4e0bd8c,f4ffcdd1-383c-435e-b23a-64a465f0527d,FR,FALSE,+33,DAILY_PAYMENT_SERVICES,UNEMPLOYED,COMPLETED,F,FR,fr_FR,COMPLETED,FALSE,FALSE
e390c86b-35a7-4a9e-8b7e-dcbfd4e0bd8c,f4ffcdd1-383c-435e-b23a-64a465f0527d,FR,FALSE,+33,DAILY_PAYMENT_SERVICES,UNEMPLOYED,COMPLETED,F,FR,fr_FR,COMPLETED,FALSE,FALSE
d372492b-ee59-42f3-a863-eb7683c1982d,f235c466-541f-4e4c-b3d2-df2e9d79dcb1,FR,FALSE,+33,CRYPTO_SERVICES,RETIRED,COMPLETED,M,FR,fr_FR,COMPLETED,FALSE,FALSE
d5166eec-1350-48a4-ae9c-95e9c83804cd,c036162b-6172-4983-87a9-69585e5a6a9c,FR,FALSE,+33,CRYPTO_SERVICES,CRAFT_AND_RELATED_TRADES,COMPLETED,M,FR,fr_FR,COMPLETED,FALSE,FALSE
3ddd7dab-e791-4180-b4bb-7ac380ca6a05,eefe1630-1ee1-408d-8111-384b8e6bfef7,FR,FALSE,+33,DAILY_PAYMENT_SERVICES,UNEMPLOYED,COMPLETED,F,FR,fr_FR,COMPLETED,FALSE,FALSE
bef3b5d1-aef7-492d-8b78-e53f1bfa756a,6f60e443-d03e-466f-85c3-9bcb9672777b,FR,TRUE,+33,NON_CUSTODIAL_CRYPTO_WALLET,OTHER_SERVICES,COMPLETED,M,FR,fr_FR,COMPLETED,FALSE,FALSE
e096ac38-f421-4ca0-a129-b867a1294cdb,d358a160-2276-41bb-9305-0a8ce1a91222,FR,FALSE,+33,DAILY_PAYMENT_SERVICES,STUDENTS,COMPLETED,M,FR,fr_FR,COMPLETED,FALSE,FALSE
2c87c251-37dc-4628-a172-e040ac9362e5,0e42b01f-b1e4-4f11-8480-6c929805e514,FR,FALSE,+33,NON_CUSTODIAL_CRYPTO_WALLET,UNEMPLOYED,COMPLETED,F,FR,fr_FR,TO_SOFT_REVIEW,FALSE,FALSE
1f69e7dd-5d18-4ea4-9166-9c082e4fd55a,24dbff2b-c802-4c28-a912-c310174c0bb9,FR,TRUE,+33,DAILY_PAYMENT_SERVICES,HEALTH,COMPLETED,M,FR,fr_FR,COMPLETED,FALSE,FALSE
32a804f1-5aa8-41e2-a6bc-f9da14433180,58d8f71e-8a41-4b00-8724-dea39603a83b,NC,TRUE,+68,NON_CUSTODIAL_CRYPTO_WALLET,SERVICE_AND_SALES,COMPLETED,M,FR,fr_FR,COMPLETED,FALSE,FALSE
b8160f74-15f6-403f-b2cf-6186135c4df8,6f640fac-082c-4451-bbc2-09ef04666709,FR,TRUE,+33,CRYPTO_SERVICES,CRAFT_AND_RELATED_TRADES,COMPLETED,M,FR,fr_FR,COMPLETED,FALSE,FALSE
4f656461-fa63-4a6e-96a4-3dbd157324c4,af512e5c-3cec-433a-b63a-36ff06eb9590,FR,FALSE,+33,CRYPTO_SERVICES,MINING_CONSTRUCTION_AND_TRANSPORT,COMPLETED,M,FR,fr_FR,COMPLETED,FALSE,FALSE
91a33803-fdd0-4155-b6c1-6fb14e88f4ba,8fc680cf-5e3b-43b9-a61a-8e2bca7b4b7c,FR,FALSE,+33,,,COMPLETED,F,FR,fr_FR,COMPLETED,FALSE,FALSE
68671e2c-d2aa-4098-bb95-6daa56d84ecf,818030c8-ee5b-496d-bbc2-10b9aa5d9824,NC,FALSE,+68,DAILY_PAYMENT_SERVICES,OTHER_SERVICES,COMPLETED,M,FR,fr_PF,COMPLETED,FALSE,FALSE
fb08e93b-7137-4e18-8b7c-6a911ea3739a,2d659159-2af6-4ce1-a2a5-3986fa4c5a2c,FR,TRUE,+33,INTERNATIONAL_TRANSFERS,OTHER_SERVICES,COMPLETED,M,FR,fr_FR,COMPLETED,FALSE,FALSE
d80c0fc4-f94e-4d7b-b055-dd9f8bd50f90,66527a7b-7cd3-4662-ad0f-267d03db7f4c,FR,TRUE,+33,CRYPTO_SERVICES,EDUCATION,COMPLETED,M,FR,fr_FR,COMPLETED,FALSE,FALSE
0800b5a3-91c4-4ccb-8557-21bccf4ed212,b1c643c9-aadc-4212-bc2d-983d63835e41,PF,TRUE,+68,TRAVEL_ACCOUNT,HEALTH,COMPLETED,F,FR,fr_PF,COMPLETED,FALSE,FALSE
6be21c2d-5035-4b66-a300-a85c997419ca,428b8c1c-9ae9-4929-b7c9-c436d401747b,FR,FALSE,+33,DAILY_PAYMENT_SERVICES,OTHER_SERVICES,COMPLETED,M,FR,fr_FR,COMPLETED,FALSE,FALSE
82ccc855-1b2b-41dd-b06d-a384d6757aaa,f0ad86b2-4fc6-4695-ad11-2b9db8cf059b,RE,TRUE,+26,,,COMPLETED,F,FR,fr_RE,COMPLETED,FALSE,FALSE
c517f6d5-70c8-4f21-943b-69cff0788b91,b97f427d-b80c-4283-ae78-29f7cd7f5e5f,FR,TRUE,+33,NON_CUSTODIAL_CRYPTO_WALLET,OTHER_SERVICES,COMPLETED,M,FR,fr_FR,COMPLETED,FALSE,FALSE
2a532672-d0b9-46a8-baf9-e04e6b897537,630997fa-190f-4ff2-80ec-349e836a4f1f,PF,FALSE,+68,,,COMPLETED,M,FR,fr_PF,COMPLETED,FALSE,FALSE
2a532672-d0b9-46a8-baf9-e04e6b897537,630997fa-190f-4ff2-80ec-349e836a4f1f,PF,FALSE,+68,NON_CUSTODIAL_CRYPTO_WALLET,UNEMPLOYED,COMPLETED,M,FR,fr_PF,COMPLETED,FALSE,FALSE
434e3ae8-27d0-4395-9acf-76a10ced6200,dd90f19f-8e1e-4036-b459-02d7f81cf878,FR,TRUE,+33,DAILY_PAYMENT_SERVICES,UNEMPLOYED,COMPLETED,M,FR,fr_FR,COMPLETED,FALSE,FALSE
ed88ef66-fa92-4ef7-b210-55823bc81375,e0789b74-6e91-47ff-84e2-7ba94ea9a5a0,FR,TRUE,+33,DAILY_PAYMENT_SERVICES,OTHER_SERVICES,COMPLETED,M,FR,fr_FR,COMPLETED,FALSE,FALSE
424f0297-50c5-4e74-825b-a4b60f5cb3bc,c96b5b50-723b-49c5-91af-5490707c04f0,FR,TRUE,+33,DAILY_PAYMENT_SERVICES,UNEMPLOYED,COMPLETED,F,FR,fr_FR,COMPLETED,FALSE,FALSE
8d137e2d-2ede-45df-8ee4-21010a46d259,f0f572d3-d36a-4c5f-be02-a477439e936d,FR,TRUE,+33,NON_CUSTODIAL_CRYPTO_WALLET,CRAFT_AND_RELATED_TRADES,COMPLETED,M,FR,fr_FR,COMPLETED,FALSE,FALSE
90cc79e7-cfb5-4a88-8ecc-25d639b3db2d,e1c1cf7b-fc3b-44ac-8d7a-1b9731592199,FR,FALSE,+33,DAILY_PAYMENT_SERVICES,SERVICE_AND_SALES,COMPLETED,M,FR,fr_FR,COMPLETED,FALSE,FALSE
ed999a73-4eba-4d53-b9e4-0acef049ca9c,c081b8b2-08d1-433e-bbc4-d2988aae1fde,PF,TRUE,+68,DAILY_PAYMENT_SERVICES,OTHER_SERVICES,COMPLETED,M,FR,fr_FR,COMPLETED,FALSE,FALSE
de0bef4e-897a-4460-a7ce-7e83a7e3d6f4,c06b8e15-3b9f-42bf-85eb-473db97b3ffa,FR,TRUE,+33,DAILY_PAYMENT_SERVICES,STUDENTS,COMPLETED,M,FR,fr_FR,COMPLETED,FALSE,FALSE
856aa5e2-33eb-4daa-a1d3-d7dd8d1b8eee,bdf06174-1943-41ba-b4c0-4e7af1740819,FR,TRUE,+33,CRYPTO_SERVICES,UNEMPLOYED,COMPLETED,M,FR,fr_FR,COMPLETED,FALSE,FALSE
6474d319-6641-477a-bbd4-7a2454cb645a,6d3d0384-5319-4597-8548-111725a9fadb,FR,TRUE,+33,INTERNATIONAL_TRANSFERS,OTHER_SERVICES,COMPLETED,M,FR,fr_FR,COMPLETED,FALSE,FALSE